{"cameraMode":{"drawMode":0,"name":"Shaded","section":"Shading Mode"},"sceneLighting":true,"audioPlay":false,"sceneViewState":{"m_AlwaysRefresh":false,"showFog":true,"showSkybox":true,"showFlares":true,"showImageEffects":true,"showParticleSystems":true,"showVisualEffectGraphs":true,"m_FxEnabled":true},"in2DMode":false,"pivot":{"x":1761.6612548828125,"y":-128.64939880371095,"z":-103.60989379882813},"rotation":{"x":-0.10034362226724625,"y":0.7219468355178833,"z":-0.10712188482284546,"w":-0.6762108206748962},"size":2599.614990234375,"orthographic":false}